frequency, MAG[S21]*MAG[21], MAG[S31]*MAG[31], MAG[S41]*MAG[41]
30,0.0000702842459449,0.0000038370149689,0.0000005622150361
30.5,0.0000744242663025,0.0000039994400196,0.000000582842160481
31,0.0000788027268681,0.0000041672323044,0.000000603932591161
31.5,0.0000834352538041,0.00000434055556,0.000000625489592641
32,0.0000883380053689,0.0000045196208836,0.000000647519558596
32.5,0.0000935292081025,0.000004704561,0.000000670025739601
33,0.0000990279736384,0.0000048955545081,0.000000693016290576
33.5,0.00010485555201,0.0000050927400241,0.0000007164945316
34,0.00011103258384,0.0000052963959321,0.000000740467134016
34.5,0.00011758366096,0.0000055066254244,0.000000764937404449
35,0.00012453667216,0.0000057236734564,0.0000007899121129
35.5,0.00013191671025,0.00000594774544,0.000000815396358049
36,0.00013975495524,0.0000061791022084,0.000000841395260176
36.5,0.00014808699481,0.0000064178622225,0.0000008679158244
37,0.00015694076176,0.0000066643487716,0.000000894961408576
37.5,0.00016636098361,0.0000069187411225,0.000000922539119121
38,0.00017638761721,0.00000718132804,0.000000950652300196
38.5,0.00018706306441,0.0000074524086081,0.00000097930816
39,0.00019843793424,0.0000077321256489,0.0000010085180625
39.5,0.00021056331664,0.0000080208470521,0.0000010382591025
40,0.00022349652004,0.0000083188403776,0.0000010685770384
40.5,0.00023729862025,0.0000086263801849,0.0000010994361316
41,0.00025204102564,0.0000089437481721,0.0000011308833649
41.5,0.00026779031449,0.0000092712942144,0.0000011628818569
42,0.00028463401521,0.0000096092560144,0.0000011954579569
42.5,0.00030265212961,0.0000099580638096,0.0000012286170649
43,0.00032194407184,0.0000103180361089,0.0000012623646025
43.5,0.00034260899409,0.0000106894340809,0.0000012966832384
44,0.00036476416144,0.0000110726555536,0.0000013315775236
44.5,0.00038853534769,0.0000114680436025,0.0000013670754084
45,0.00041404924324,0.0000118760187456,0.0000014031587025
45.5,0.000441462121,0.0000122968747561,0.0000014398560036
46,0.000470933401,0.0000127311235249,0.0000014771242369
46.5,0.00050264743204,0.0000131790054841,0.0000015149671056
47,0.00053678865969,0.0000136410558244,0.0000015534132496
47.5,0.00057358813009,0.0000141176038756,0.0000015924673249
48,0.00061327550736,0.0000146091363961,0.0000016320829009
48.5,0.00065611285609,0.0000151159996849,0.0000016722886489
49,0.00070239310729,0.0000156386238849,0.0000017130621456
49.5,0.00075243233025,0.0000161775297369,0.0000017544062116
50,0.00080659408036,0.0000167330901721,0.0000017963236729
50.5,0.00086526575716,0.0000173056832001,0.0000018387631201
51,0.00092887800625,0.0000178959457296,0.0000018817803684
51.5,0.0009979281,0.0000185041066896,0.0000019253227536
52,0.00107294243364,0.0000191307387769,0.0000019693631556
52.5,0.00115451807524,0.0000197761647616,0.0000020139015744
53,0.001243338121,0.0000204408877456,0.00000205893801
53.5,0.00134013102084,0.0000211253302129,0.0000021044434489
54,0.00144574092441,0.0000218298266176,0.0000021503582881
54.5,0.00156110331664,0.00002255490064,0.0000021966796944
55,0.00168725420644,0.0000233007013264,0.0000022433748841
55.5,0.00182538290025,0.0000240676585744,0.0000022904400964
56,0.00197679830544,0.0000248560079364,0.0000023377798404
56.5,0.00214300481476,0.0000256660784689,0.0000023853875809
57,0.00232566991504,0.0000264980946169,0.0000024331944169
57.5,0.00252671096896,0.0000273520632064,0.0000024811605289
58,0.00274825480644,0.0000282280752601,0.0000025292449296
58.5,0.00299276831844,0.0000291260978596,0.0000025773412681
59,0.00326301427984,0.0000300460748449,0.0000026254044961
59.5,0.00356215598244,0.0000309877035556,0.0000026733231009
60,0.00389378496004,0.0000319506432001,0.0000027210481936
60.5,0.00426203982649,0.0000329342845456,0.0000027684300996
61,0.00467162681049,0.0000339378483844,0.0000028154155264
61.5,0.00512794913409,0.0000349606125625,0.0000028618150561
62,0.00563726167489,0.0000360013200121,0.0000029075365225
62.5,0.00620671381929,0.0000370583867536,0.0000029524174276
63,0.00684460037041,0.0000381300075025,0.0000029962571409
63.5,0.00756052857169,0.0000392142721369,0.0000030389205625
64,0.00836562671044,0.0000403082772544,0.0000030801303009
64.5,0.00927286183849,0.0000414090963001,0.0000031197097129
65,0.010297378576,0.00004251300804,0.00000315737361
65.5,0.011456705296,0.0000436157218084,0.0000031928329225
66,0.012771486121,0.0000447120906241,0.0000032257956025
66.5,0.014266152481,0.0000457960785984,0.00000325585936
67,0.0159693769,0.00004686087025,0.00000328261924
67.5,0.017914751716,0.0000478983031396,0.0000033056694225
68,0.020142137929,0.0000488988322729,0.0000033244958224
68.5,0.022698736921,0.0000498516487249,0.0000033385502089
69,0.025640976384,0.0000507441097801,0.0000033472166116
69.5,0.029035819201,0.0000515617344225,0.0000033497784576
70,0.032962944249,0.0000522877948609,0.0000033454970649
70.5,0.037517365636,0.0000529030749025,0.00000333354564
71,0.042813403396,0.0000533859651649,0.0000033129824256
71.5,0.048987411561,0.0000537118957456,0.0000032827641856
72,0.056201710761,0.0000538531419409,0.0000032418362601
72.5,0.064651707289,0.0000537790488964,0.0000031889744929
73,0.074568317184,0.0000534559850496,0.0000031229604961
73.5,0.086226211449,0.0000528481019089,0.0000030424778329
74,0.099950190201,0.00005191778916,0.0000029462692609
74.5,0.116116014564,0.0000506277787024,0.0000028332295684
75,0.135158434321,0.0000489437361604,0.0000027023414544
75.5,0.157565333025,0.0000468382828225,0.0000025530607089
76,0.183868582401,0.0000442967451364,0.0000023855111401
76.5,0.214625578729,0.00004132561225,0.0000022006832409
77,0.250373139129,0.00003796284996,0.0000020009234116
77.5,0.291569760784,0.0000342902765241,0.0000017903510416
78,0.338498221636,0.0000304467789796,0.00000157527601
78.5,0.391152678084,0.0000266388112384,0.00000136445761
79,0.449105043409,0.00002314475881,0.0000011690150641
79.5,0.511388032996,0.0000203055680689,0.0000010020410404
80,0.576436266756,0.0000184988590609,0.000000877221433201
80.5,0.642136179556,0.0000180929428164,0.000000807056079769
81,0.706016701504,0.0000193876418596,0.000000800638406656
81.5,0.765556751521,0.0000225571803136,0.000000861690762529
82,0.818561705536,0.0000276114517156,0.000000987509250225
82.5,0.863488836081,0.0000343907182096,0.0000011692529424
83,0.8996143104,0.0000425968991569,0.0000013935094209
83.5,0.927037757584,0.0000518482083249,0.0000016445754081
84,0.946528572609,0.0000617415634564,0.0000019069676649
84.5,0.959281166041,0.0000719048033089,0.0000021670195264
85,0.966678307204,0.00008203106041,0.0000024142012129
85.5,0.970098924096,0.0000918946552689,0.0000026412100324
86,0.970786531225,0.00010135254276,0.0000028438437769
86.5,0.969781800625,0.000110334016,0.0000030206092401
87,0.967909662976,0.00011883834169,0.0000031720322404
87.5,0.965783804049,0.00012691149025,0.0000033001808896
88,0.963831099001,0.000134652816,0.0000034082698225
88.5,0.9623217604,0.00014219370025,0.0000035003416464
89,0.961405743169,0.00014970501316,0.0000035808749824
89.5,0.961127297641,0.000157377025,0.0000036547115929
90,0.961460652681,0.00016543876129,0.0000037266758116
90.5,0.962323722361,0.00017412649849,0.00000380172004
91,0.963593530384,0.00018370549444,0.00000388444681
91.5,0.965127443281,0.00019443234721,0.0000039790275625
92,0.966772696516,0.00020657450529,0.0000040889288521
92.5,0.968376051721,0.00022037105601,0.00000421686225
93,0.969797557089,0.00023603405956,0.0000043643805921
93.5,0.970922505316,0.00025372985521,0.00000453178944
94,0.971657718529,0.00027354844449,0.0000047178880849
94.5,0.971949515625,0.00029549953801,0.00000491996761
95,0.971772066225,0.000319479876,0.0000051336230625
95.5,0.971139295296,0.00034527585856,0.0000053529763225
96,0.970094984356,0.00037252088064,0.0000055704968361
96.5,0.968702787529,0.00040071632041,0.0000057774852496
97,0.967042124689,0.00042920237584,0.0000059640477796
97.5,0.965196213136,0.00045716854225,0.00000611968644
98,0.963232325136,0.00048366565776,0.0000062335608241
98.5,0.961188081604,0.00050763694864,0.0000062952315409
99,0.9590480761,0.00052795631529,0.0000062952817216
99.5,0.956722646884,0.00054353327044,0.0000062263224676
100,0.954030795025,0.00055343974009,0.0000060844115556
100.5,0.950656200256,0.00055711105024,0.00000587044441
101,0.946137508416,0.00055466373169,0.0000055925155225
101.5,0.939837180304,0.00054730263025,0.0000052682184676
102,0.930931663104,0.000537868864,0.0000049274676441
102.5,0.918428972409,0.00053150535936,0.0000046150639929
103,0.9012084624,0.00053628833241,0.0000043922099776
103.5,0.878124548889,0.00056383452304,0.0000043360982289
104,0.848159953936,0.00062942781456,0.0000045358350625
104.5,0.810631923201,0.00075162608964,0.0000050842132324
105,0.765394017424,0.000950920569,0.0000060649897984
105.5,0.713014737604,0.00124765781284,0.0000075379349809
106,0.654803021601,0.00165951946384,0.0000095256797769
106.5,0.592707515625,0.00219929109156,0.000012006225
107,0.529033658409,0.00287364612096,0.0000149149667601
107.5,0.466118887441,0.003683397481,0.0000181557801216
108,0.406002175489,0.00462500645476,0.00002161692036
108.5,0.350228423601,0.00569288358144,0.0000251877511876
109,0.299763915049,0.00688174770969,0.0000287711013769
109.5,0.255038130169,0.00818845819801,0.0000322903516516
110,0.2160483361,0.00961325342784,0.00003569106564
110.5,0.182495568025,0.011160443449,0.0000389390976144
111,0.153897720804,0.012838249636,0.000042016324
111.5,0.129694337161,0.014659155625,0.0000449166699601
112,0.109307600689,0.016639710025,0.0000476418833361
112.5,0.092187533376,0.018800248996,0.0000501980752036
113,0.077834304144,0.021164721361,0.0000525936796225
113.5,0.065806101729,0.023761297609,0.0000548375794576
114,0.055723379364,0.026623143556,0.00005693758849
114.5,0.04726276,0.029787653281,0.0000589004061156
115,0.040153346689,0.033297125625,0.0000607303814209
115.5,0.034168043716,0.037201151376,0.0000624299095876
116,0.029119033449,0.041555230201,0.0000639988800049
116.5,0.024849739044,0.046423442521,0.0000654343477225
117,0.021231695521,0.051878261824,0.0000667310905881
117.5,0.018157832001,0.058002942244,0.000067881121
118,0.015539866281,0.0648924676,0.0000688738989409
118.5,0.013304699716,0.072653428849,0.0000696959495281
119,0.011391933289,0.081409214329,0.0000703310340496
119.5,0.00975128600196,0.091297039716,0.0000707602298481
120,0.00834084011524,0.102472972996,0.00007096209121
120.5,0.00712585845904,0.115110239841,0.0000709125673216
121,0.006077293849,0.129400636729,0.0000705855383104
121.5,0.005170904281,0.145554458256,0.0000699536522689
122,0.00438646588416,0.163796659524,0.0000689889715216
122.5,0.00370703193316,0.184364608129,0.0000676642791889
123,0.003118440649,0.207499381441,0.0000659553512641
123.5,0.00260883949824,0.233438754025,0.0000638434558441
124,0.00216835510336,0.262394940025,0.0000613179831364
124.5,0.00178868939041,0.294540656656,0.0000583815190084
125,0.00146291715361,0.329980164721,0.0000550531352484
125.5,0.00118521144361,0.368722200625,0.00005137448976
126,0.00095059372489,0.410640019344,0.0000474131399184
126.5,0.00075476023441,0.455446817424,0.0000432670581729
127,0.00059385790864,0.5026668201,0.0000390647500324
127.5,0.00046430768484,0.551624085796,0.0000349630959616
128,0.00036268155364,0.601454536225,0.0000311413105936
128.5,0.00028555592256,0.651142480356,0.0000277892394025
129,0.00022949523081,0.699586706569,0.0000250924853776
129.5,0.00019103662656,0.745678879729,0.0000232156294276
130,0.00016675073424,0.788407253929,0.0000222865191396
130.5,0.00015336097921,0.826939247044,0.00002238330721
131,0.00014783884921,0.860686663824,0.0000235286113969
131.5,0.00014752045764,0.889347074704,0.0000256897936201
132,0.00015019482916,0.912888524304,0.0000287860148676
132.5,0.00015411236164,0.931529964964,0.0000326994123556
133,0.0001580049,0.9456784516,0.0000372887316025
133.5,0.00016100818321,0.955869914596,0.0000424018461889
134,0.00016262625625,0.962710267684,0.0000478872304036
134.5,0.00016262625625,0.966817926361,0.0000536023122496
135,0.00016098280641,0.9687874329,0.0000594189680569
135.5,0.00015781138129,0.969163460521,0.0000652261371129
136,0.00015329658969,0.968423287225,0.0000709307577616
136.5,0.00014767353441,0.966973289104,0.0000764573611201
137,0.00014118905329,0.965147091561,0.0000817472756164
137.5,0.00013408018849,0.963210733489,0.00008675618449
138,0.0001265625,0.961368484036,0.0000914538379225
138.5,0.00011882744064,0.959770943041,0.0000958215843225
139,0.00011104312129,0.958521279681,0.00009985205476
139.5,0.00010334348964,0.957683403769,0.00010354690564
140,0.0000958431210025,0.957291998569,0.00010692180409
140.5,0.0000886260319396,0.957348747364,0.00010999394884
141,0.00008175957241,0.957836073481,0.00011279926849
141.5,0.0000752917173264,0.958719056164,0.00011537767396
142,0.0000692550182416,0.9599492529,0.00011777675625
142.5,0.0000636682709776,0.961462613764,0.00012006023184
143,0.0000585396372544,0.963195030625,0.00012229705744
143.5,0.0000538676730916,0.9650704644,0.00012456568881
144,0.0000496430158084,0.967014590161,0.00012695880976
144.5,0.0000458502328384,0.968952797316,0.00012957041241
145,0.0000424688125761,0.970812148804,0.00013250542321
145.5,0.0000394739528089,0.972525351889,0.00013587399225
146,0.0000368377377481,0.974032798761,0.00013979515225
146.5,0.0000345303140625,0.975284629225,0.00014437944964
147,0.0000325199889169,0.976234898116,0.00014974906384
147.5,0.0000307746453001,0.976857466321,0.00015601508836
148,0.0000292619329249,0.977136204004,0.00016328495089
148.5,0.0000279501485041,0.977063056225,0.00017165454289
149,0.0000268083701824,0.976649921536,0.00018121736689
149.5,0.00002580741601,0.975914797456,0.00019203862084
150,0.0000249198643204,0.974895567424,0.00020417266321
150.5,0.0000241221446449,0.973630172529,0.00021765691024
151,0.0000233895075129,0.9721762801,0.00023249540484
151.5,0.0000227016990369,0.970591454596,0.00024867397636
152,0.0000220407714576,0.968940985104,0.00026614333321
152.5,0.0000213916425121,0.967293887121,0.00028482975361
153,0.0000207414663184,0.9657189441,0.00030462117156
153.5,0.0000200799883449,0.964282756441,0.00032537305161
154,0.0000193990036249,0.963051747904,0.00034689435001
154.5,0.0000186925657801,0.962076531025,0.00036896263056
155,0.0000179567452516,0.961409665225,0.00039130774225
155.5,0.0000171890672409,0.961080240409,0.00041361797376
156,0.0000163889757889,0.961107690321,0.00043552350864
156.5,0.0000155571869476,0.961488108025,0.00045662561344
157,0.0000146959522609,0.962194237225,0.00047647468089
157.5,0.000013808656,0.963169513744,0.00049458201664
158,0.0000129002370561,0.964322036001,0.00051043009329
158.5,0.0000119766521329,0.965526342544,0.00052349897601
159,0.0000110453199025,0.966599652964,0.00053327741184
159.5,0.0000101150077681,0.967319458576,0.00053931237361
160,0.0000091958136516,0.967398142096,0.00054125091904
160.5,0.0000082993543396,0.966491508609,0.00053891301025
161,0.00000743871076,0.964196344225,0.00053238178756
161.5,0.0000066281532304,0.960055070976,0.00052209508036
162,0.0000058828562116,0.953560062016,0.00050898067236
162.5,0.0000052185290481,0.944185342864,0.00049455977769
163,0.0000046506216409,0.931406428836,0.00048107842225
163.5,0.0000041932800625,0.9147392164,0.00047156728336
164,0.0000038582387776,0.893794395649,0.00046990099984
164.5,0.0000036536028736,0.868314603556,0.00048073632049
165,0.0000035824647076,0.838233633601,0.00050936878864
165.5,0.0000036422959104,0.803697906064,0.00056151463369
166,0.00000382437136,0.765091343025,0.00064299266329
166.5,0.0000041141631556,0.723016892416,0.00075937722624
167,0.0000044922378601,0.678264250624,0.0009156676
167.5,0.0000049358620224,0.631742011684,0.00111603433041
168,0.0000054207480625,0.584411323024,0.00136369934089
168.5,0.0000059231877376,0.537208373025,0.00166087221444
169,0.0000064213080409,0.490983292804,0.00200893996944
169.5,0.0000068967163456,0.446455157929,0.00240860100625
170,0.0000073344555684,0.404183148516,0.00286019596864
170.5,0.0000077242861476,0.364559948944,0.00336393040036
171,0.0000080596371025,0.327828388969,0.00392016236544
171.5,0.0000083371942564,0.294094713025,0.00452954574361
172,0.0000085565610256,0.263355765124,0.00519330657316
172.5,0.0000087194412369,0.2355257961,0.00591324088576
173,0.0000088288613956,0.210462572644,0.00669187805521
173.5,0.0000088889844736,0.187984679184,0.0075325041
174,0.0000089044350409,0.167890145536,0.00843919659801
174.5,0.0000088800424036,0.149969533081,0.00941689745649
175,0.0000088206624016,0.134016030724,0.0104714289
175.5,0.0000087307839441,0.119829514896,0.011609416009
176,0.00000861481201,0.107222192704,0.012838476249
176.5,0.0000084766575609,0.096022515625,0.014167188676
177,0.0000083198210481,0.086070650884,0.015605256241
177.5,0.0000081474851844,0.077225631025,0.017163882121
178,0.0000079624988041,0.0693584896,0.018854859969
178.5,0.0000077672017809,0.062356582369,0.020691959409
179,0.0000075637650529,0.056117819664,0.022689698161
179.5,0.0000073540219489,0.050553475281,0.024865505344
180,0.0000071394771204,0.045584812036,0.027237541444
180.5,0.0000069215295744,0.041142442896,0.029826671616
181,0.0000067012123689,0.037164899524,0.032655381264
181.5,0.0000064794684304,0.033599256601,0.035749355625
182,0.0000062571020164,0.0303979225,0.0391367089
182.5,0.0000060347361649,0.027519823881,0.042849
183,0.0000058128727801,0.024927988996,0.046920758544
183.5,0.0000055919006784,0.022590991809,0.051390169636
184,0.0000053721504841,0.0204804721,0.056299900176
184.5,0.0000051538988484,0.018571693284,0.061697095321
185,0.000004937284,0.016842588841,0.067632763969
185.5,0.0000047224070721,0.015274240921,0.0741636289
186,0.0000045094221316,0.013849288489,0.081353300625
186.5,0.0000042983240976,0.0125529616,0.089268293284
187,0.0000040891310656,0.011371663044,0.097983398529
187.5,0.0000038819244676,0.0102941316,0.107578752064
188,0.0000036766528516,0.00930968327689,0.118139313796
188.5,0.0000034733404161,0.00840929348484,0.129757007524
189,0.0000032720468544,0.00758485969921,0.142527390784
189.5,0.0000030727986436,0.00682923737664,0.156550792225
190,0.0000028757715561,0.00613615288896,0.171929646736
190.5,0.0000026785904896,0.00550009123876,0.188766787729
191,0.0000024845325376,0.00491623943281,0.207158791609
191.5,0.00000229401316,0.00438034832964,0.227199035716
192,0.0000021074909584,0.00388878207201,0.248967069156
192.5,0.0000019255447696,0.00343836813376,0.2725257616
193,0.0000017487946564,0.00302638615876,0.297912922596
193.5,0.0000015779881924,0.002650499289,0.325136022849
194,0.0000014139112464,0.00230869679121,0.354161863225
194.5,0.0000012574033956,0.00199923448384,0.384914772225
195,0.0000011094198241,0.00172059869601,0.417259153936
195.5,0.000000970831854864,0.00147138986569,0.451008951184
196,0.000000842520216321,0.00125032252801,0.485912161476
196.5,0.000000725277063424,0.00105610050529,0.5216595076
197,0.000000619760988001,0.00088740835236,0.557890980241
197.5,0.000000526447471489,0.000742835025,0.594202014025
198,0.000000445592295729,0.00062083695556,0.630161305929
198.5,0.0000003771925056,0.00051973056576,0.665325705625
199,0.000000320970970849,0.00043768405681,0.699265560841
199.5,0.000000276379415524,0.00037274866489,0.731584276929
200,0.000000242619294096,0.000322884961,0.761935206321
200.5,0.0000002186778169,0.00028600897924,0.790038323281
201,0.000000203383862361,0.00026006400225,0.815690760336
201.5,0.0000001954612521,0.00024306369025,0.838770232336
202,0.000000193595600025,0.00023314846864,0.859234448601
202.5,0.000000196489179441,0.00022863254436,0.877118410116
203,0.000000202909707025,0.00022801604004,0.8925147729
203.5,0.000000211730660164,0.00023001968896,0.905574914689
204,0.000000221956881129,0.00023357314561,0.916484558224
204.5,0.000000232736775184,0.00023782266225,0.925453620025
205,0.000000243369555625,0.00024209181649,0.932703966756
205.5,0.000000253302837264,0.00024588748864,0.938466875025
206,0.000000262117376676,0.00024886009009,0.942961407844
206.5,0.000000269519837409,0.000250778896,0.946396263241
207,0.000000275324781796,0.00025151739649,0.9489682225
207.5,0.000000279436989924,0.00025102282969,0.950849263225
208,0.000000281839944996,0.00024931146816,0.952197349636
208.5,0.000000282580485889,0.00024643348324,0.953146069264
209,0.000000281756071249,0.00024247472656,0.953812016689
209.5,0.000000279500427684,0.00023753899129,0.954290626884
210,0.000000275975811556,0.00023174277361,0.954663830761
210.5,0.000000271319099689,0.00022521305041,0.954990199696
211,0.000000265775305156,0.000218064289,0.955322488836
211.5,0.000000259538283601,0.00021042113481,0.955695894409
212,0.000000252792756225,0.00020239330225,0.956135863684
212.5,0.000000245714524416,0.00019408669225,0.956656135744
213,0.000000238470095556,0.00018560247696,0.95726656
213.5,0.000000231215760801,0.00017702568601,0.957961350025
214,0.000000224095251769,0.00016844146225,0.958740597409
214.5,0.000000217243616836,0.00015991878681,0.959586772225
215,0.000000210785664996,0.00015152132836,0.960490162116
215.5,0.000000204835897744,0.00014330244681,0.961429275625
216,0.0000001994962225,0.00013531272976,0.962388468196
216.5,0.000000194857796329,0.00012758832025,0.963340287001
217,0.000000190996969024,0.000120165444,0.964269008784
217.5,0.000000187978609225,0.00011306919556,0.965151021241
218,0.000000185851521025,0.000106316721,0.965964637225
218.5,0.000000184653262369,0.0000999272132496,0.966692072025
219,0.000000184404112929,0.0000939081159844,0.967313557441
219.5,0.000000185111620516,0.0000882647097049,0.967819153284
220,0.000000186770044561,0.0000829972016784,0.968193025024
220.5,0.000000189359874025,0.0000781026435049,0.968425255396
221,0.000000192850965904,0.0000735740209009,0.968513825161
221.5,0.000000197199941184,0.0000694015621776,0.968450841801
222,0.000000202355125921,0.0000655725833361,0.968242224049
222.5,0.000000208253497104,0.0000620721803881,0.967889986596
223,0.000000214825761049,0.0000588838300164,0.967400109225
223.5,0.000000221994572569,0.0000559888538049,0.966786462009
224,0.000000229679604001,0.0000533679925156,0.966060957456
224.5,0.000000237794720164,0.0000510007365904,0.965239441156
225,0.000000246250167696,0.0000488659717764,0.964341676081
225.5,0.000000254956324624,0.0000469426411609,0.963385436484
226,0.000000263822967769,0.0000452093519641,0.962392392256
226.5,0.000000272761774756,0.0000436451816025,0.961386133009
227,0.000000281682824644,0.0000422294624964,0.960388240036
227.5,0.000000290503752256,0.00004094208196,0.959416332004
228,0.0000002991433636,0.0000397639964569,0.958495824784
228.5,0.0000003075257025,0.0000386768316649,0.957642302464
229,0.000000315578791696,0.0000376632599616,0.956873283601
229.5,0.000000323240005764,0.0000367071186496,0.956198445316
230,0.000000330447923716,0.0000357931779076,0.955629418969
230.5,0.000000337082425744,0.0000349074180625,0.955166110276
231,0.000000343178042596,0.0000340374229056,0.954806488164
231.5,0.0000003487020601,0.0000331716098704,0.954542678049
232,0.000000353630030224,0.00003229989889,0.954355101921
232.5,0.000000357946137796,0.0000314133346576,0.9542163856
233,0.000000361647079641,0.0000305043022249,0.954091354176
233.5,0.000000364736276356,0.0000295666237504,0.953929216249
234,0.000000367231152016,0.0000285953284516,0.953671386721
234.5,0.000000369164392921,0.0000275870754756,0.9532397956
235,0.0000003705765625,0.0000265399098561,0.952544768256
235.5,0.0000003715268209,0.0000254532358144,0.9514831936
236,0.000000372090240064,0.0000243282738169,0.949928977449
236.5,0.0000003723562441,0.0000231681456889,0.947748978576
237,0.000000372433134529,0.000021977344,0.944785944001
237.5,0.000000372444119524,0.0000207624212964,0.940872840196
238,0.000000372532005316,0.0000195320686401,0.935827933924
238.5,0.000000372855563161,0.0000182964074049,0.929465671744
239,0.000000373584998656,0.0000170678049424,0.921590400025
239.5,0.000000374905167025,0.0000158601469504,0.912017360016
240,0.000000377004596049,0.0000146885928049,0.9005630404
240.5,0.000000380073483001,0.00001356964569,0.887072004025
241,0.000000384297086889,0.0000125202037921,0.871411048036
241.5,0.000000389845389376,0.00001155728016,0.853491431716
242,0.000000396869760576,0.0000106970860096,0.833267737225
242.5,0.0000004054887684,0.0000099544036036,0.810752574724
243,0.000000415783804969,0.0000093418254736,0.786022323241
243.5,0.000000427795791721,0.0000088689604864,0.759208998276
244,0.000000441516394089,0.0000085422337441,0.730513799401
244.5,0.000000456890827969,0.0000083639532025,0.700189053529
245,0.000000473816085649,0.0000083325750244,0.668533534321
245.5,0.000000492151356225,0.0000084427438096,0.635883440929
246,0.000000511719899716,0.00000868539841,0.602588902756
246.5,0.000000532323456025,0.00000904866561,0.569012240241
247,0.000000553745827881,0.0000095180888196,0.535497577729
247.5,0.000000575772887209,0.0000100777677025,0.502373341089
248,0.000000598190871184,0.0000107110234729,0.469932186256
248.5,0.0000006208021681,0.0000114010223716,0.438426731044
249,0.000000643423766769,0.0000121313586601,0.408066717601
249.5,0.000000665893536529,0.0000128868076324,0.379017534736
250,0.0000006880868401,0.0000136535423049,0.351397612944
250.5,0.000000710188796529,0.0000144191835076,0.325286574921
251,0.000000731840897529,0.0000151732841841,0.300727204996
251.5,0.000000752976178564,0.0000159071750244,0.277731108004
252,0.000000773550153289,0.0000166136944801,0.256281975049
252.5,0.000000793546019344,0.0000172873839961,0.236342794801
253,0.000000812956492881,0.00001792421569,0.217863030564
253.5,0.000000831796896841,0.0000185214033225,0.200777478724
254,0.000000850087688004,0.0000190771527076,0.185012677161
254.5,0.000000867858064921,0.0000195907152996,0.170492190649
255,0.000000885149798976,0.0000200620680649,0.157136131216
255.5,0.000000902007967081,0.0000204915560976,0.144865494544
256,0.000000918478807129,0.00002088033025,0.133599753169
256.5,0.000000934617163536,0.0000212297013049,0.123264890281
257,0.000000950472906084,0.0000215412015625,0.113787480976
257.5,0.000000966102239025,0.0000218166528889,0.105097859344
258,0.000000981557821696,0.0000220579576281,0.0971319556
258.5,0.000000996894414916,0.00002226707344,0.089829081225
259,0.0000010121768449,0.0000224459907984,0.083133035584
259.5,0.0000010274255044,0.00002259671296,0.076991820676
260,0.0000010427473225,0.0000227211428889,0.071357368384
260.5,0.0000010581619689,0.0000228212576656,0.066185794756
261,0.0000010737311641,0.0000228988089729,0.061437058225
261.5,0.00000108951844,0.0000229555016161,0.057073687801
262,0.0000011055891609,0.0000229930799121,0.053062965316
262.5,0.0000011219681929,0.00002301312784,0.049373284401
263,0.0000011387450944,0.0000230171576644,0.045977222929
263.5,0.0000011559690256,0.0000230065081801,0.042849414001
264,0.0000011736905569,0.0000229826277604,0.039966407056
264.5,0.0000011919835684,0.0000229465908676,0.0373069225
265,0.0000012109241764,0.0000228997660369,0.034852409344
265.5,0.00000123054649,0.0000228430467136,0.032584943169
266,0.0000012509751409,0.00002277771076,0.030489001321
266.5,0.0000012722260849,0.0000227044626064,0.028549847089
267,0.0000012944295529,0.0000226243873801,0.0267551449
267.5,0.0000013176514521,0.0000225381865536,0.025092144025
268,0.0000013419832336,0.0000224468435961,0.023550278521
268.5,0.0000013675431364,0.0000223508636289,0.022119720529
269,0.0000013944067225,0.0000222511267521,0.020791332864
269.5,0.0000014227241284,0.0000221481301924,0.019557463104
270,0.0000014525793529,0.0000220426494016,0.018409876489
270.5,0.00000148401124,0.0000219352659201,0.017341992721
271,0.0000015172080625,0.0000218265561721,0.016347668164
271.5,0.0000015523664836,0.0000217169048196,0.015421169124
272,0.0000015896670724,0.0000216068788224,0.014557387716
272.5,0.0000016292990736,0.0000214969467904,0.013751549289
273,0.0000016714611225,0.0000213877575961,0.012999192196
273.5,0.0000017164144144,0.0000212794922209,0.012296148544
274,0.0000017644074561,0.00002117288196,0.011639173225
274.5,0.00000181575625,0.0000210681918001,0.011024580004
275,0.0000018708221284,0.0000209659588996,0.010449337284
275.5,0.0000019299322084,0.000020866624,0.00991083963024
276,0.0000019935745636,0.0000207707151001,0.009406284196
276.5,0.0000020622396025,0.0000206785739169,0.00893331206244
277,0.0000021364791889,0.0000205909027984,0.0084897796
277.5,0.0000022169423236,0.00002050821796,0.00807363349156
278,0.0000023043847204,0.0000204310328049,0.007683048409
278.5,0.0000023996798281,0.0000203600390841,0.00731628754609
279,0.0000025038315225,0.0000202958359081,0.00697181580676
279.5,0.0000026180534416,0.0000202392914161,0.00664816821769
280,0.0000027436940881,0.0000201912726409,0.00634404285025
280.5,0.0000028824569284,0.0000201527370724,0.00605820939025
281,0.0000030362365504,0.0000201248240449,0.00578956635664
281.5,0.0000032074660836,0.0000201088568041,0.00553710109689
282,0.0000033989347044,0.0000201061663201,0.00529989824016
282.5,0.00000361418121,0.0000201187234521,0.00507708976369
283,0.0000038574138409,0.0000201485174641,0.00486796453264
283.5,0.0000041339429041,0.0000201981032929,0.00467184553081
284,0.00000445041216,0.0000202705251984,0.00448815583969
284.5,0.0000048152158096,0.0000203694255625,0.00431639802049
285,0.0000052392463236,0.0000204995239696,0.00415618749225
285.5,0.0000057365519121,0.0000206666615236,0.00400725714841
286,0.0000063258286144,0.0000208780455625,0.00386942470209
286.5,0.0000070322553856,0.00002114344324,0.00374271097729
287,0.0000078905933604,0.0000214753462225,0.003627291529
287.5,0.0000089496107281,0.0000218907951376,0.00352362147201
288,0.0000102799749376,0.0000224130283776,0.00343250687376
288.5,0.0000119872443076,0.0000230750533225,0.00335528245504
289,0.0000142346989521,0.0000239254026496,0.00329404827844
289.5,0.0000172868850625,0.0000250373139129,0.00325220418961
290,0.0000215971184529,0.0000265289893969,0.00323526614436
290.5,0.00002790797584,0.0000285932964529,0.00325228402944
291,0.0000378768855364,0.0000315947416464,0.00332019116521
291.5,0.0000550750999876,0.0000362601482896,0.00347181386841
292,0.0000887688077584,0.00004427438521,0.0037797904
292.5,0.00016905980529,0.0000603811364809,0.00443390847376
293,0.00043195387225,0.00010184644561,0.00602425897921
293.5,0.00145974428356,0.00020017722256,0.00834796523584
294,0.000803552409,0.0000513015495001,0.00121249507681
294.5,0.00023792445504,0.00000439070116,0.00029663517361
295,0.00010242856849,0.000000330489313924,0.00049384839529
295.5,0.0000551116186384,0.0000011108316816,0.00066730772329
296,0.0000337313539369,0.0000024055389604,0.000777071376
296.5,0.0000223582394025,0.0000035682076609,0.00084275251204
297,0.00001559697049,0.0000045194082921,0.00088013682241
297.5,0.0000112472366161,0.0000052820909584,0.00089929813689
298,0.0000082895623056,0.0000058936301824,0.00090650972889
298.5,0.0000062020423521,0.0000063873969289,0.00090572708209
299,0.00000469285569,0.0000067898809476,0.00089941209604
299.5,0.0000035847742225,0.0000071212658449,0.00088915486969
300,0.0000027633410289,0.0000073962785521,0.00087600016729
300.5,0.0000021514435684,0.0000076260479409,0.00086068890625
301,0.0000016948134225,0.0000078189022129,0.00084378049441
301.5,0.0000013534762921,0.0000079813595169,0.00082572896025
302,0.0000010971724516,0.00000811851049,0.00080689515481
302.5,0.000000902925650176,0.0000082345467681,0.00078757125769
303,0.000000753566358724,0.0000083327482225,0.00076799374129
303.5,0.000000636521539329,0.000008415801,0.000748350736
304,0.000000542804983009,0.0000084858603025,0.00072878941521
304.5,0.000000466094309521,0.0000085447474596,0.00070941257104
305,0.000000401997845089,0.0000085939267716,0.00069031782121
305.5,0.000000347476059841,0.0000086346059409,0.00067156131025
306,0.000000300428956996,0.0000086678425744,0.00065318580625
306.5,0.000000259395657481,0.0000086945368225,0.00063523153444
307,0.000000223339417744,0.0000087154257961,0.00061771137444
307.5,0.000000191515640625,0.0000087311976196,0.00060064696561
308,0.000000163367939344,0.0000087423705625,0.000584043889
308.5,0.000000138467340544,0.0000087494682025,0.00056790226249
309,0.000000116474086089,0.0000087528997609,0.00055222650025
309.5,0.000000097105154689,0.0000087530181025,0.00053701110225
310,0.000000080119566916,0.0000087502372864,0.00052225503841
310.5,0.000000065158688644,0.0000087441447025,0.00050797496689
311,0.000000052226875024,0.00000873557136,0.00049413288681
311.5,0.0000000411116176,0.0000087247572129,0.00048071878009
312,0.000000031655170561,0.00000871194256,0.000467727129
312.5,0.000000023713536064,0.0000086973087744,0.000455139556
313,0.000000017152617024,0.0000086810372496,0.00044295516225
313.5,0.000000011849411025,0.0000086633092225,0.00043115200164
314,7.69E-09,0.00000864418801,0.00041972536384
314.5,4.58E-09,0.0000086237957569,0.00040866239716
315,2.41E-09,0.0000086021957025,0.00039795462144
315.5,1.12E-09,0.00000857962681,0.00038758584384
316,6.42E-10,0.0000085560345049,0.00037755210249
316.5,9.14E-10,0.0000085315399744,0.000367834041
317,1.90E-09,0.0000085062055716,0.00035842819684
317.5,3.59E-09,0.0000084800352025,0.00034932357604
318,5.95E-09,0.0000084530910564,0.00034050951841
318.5,9.00E-09,0.0000084254931289,0.00033197568804
319,0.000000012734896801,0.0000083971289284,0.000323712064
319.5,0.000000017185374649,0.0000083681182729,0.00031571248489
320,0.000000022374475561,0.0000083384647696,0.00030796389121
320.5,0.000000028340039025,0.0000083081144644,0.00030046408921
321,0.0000000351337536,0.0000082770714601,0.00029320397824
321.5,0.000000042826646916,0.0000082452825316,0.00028617135556
322,0.000000051518558529,0.0000082127523241,0.00027936448164
322.5,0.0000000613453824,0.0000081793712016,0.00027277495281
323,0.000000072495024001,0.0000081450876816,0.00026639462656
323.5,0.000000085219621776,0.0000081096231076,0.00026021883969
324,0.000000099863584144,0.0000080729288641,0.00025424621401
324.5,0.000000116892874816,0.0000080346170116,0.00024846901641
325,0.000000136942183249,0.0000079943604049,0.00024288287409
325.5,0.000000160884418816,0.0000079517232144,0.00023748967449
326,0.000000189927741249,0.0000079059942976,0.00023228503281
326.5,0.000000225751367689,0.0000078564165849,0.00022727974564
327,0.000000270669427081,0.0000078018545124,0.00022248108964
327.5,0.000000327392241124,0.00000774119329,0.00021784284025
328,0.0000003991080625,0.0000076735094121,0.00021323884729
328.5,0.000000492343595584,0.0000075948745744,0.00020895858916
329,0.000000614005452225,0.0000075014636544,0.000204947856
329.5,0.000000774970344976,0.0000073875783601,0.00020114614276
330,0.000000994489612081,0.0000072446567281,0.00019757394721
